recipient_id,time,dayfloat,oldifcode,newifcode
110000002,00:00:00,0,0,22
110000002,2912:00:00,121.333333333333,22,20
110000002,2990:28:30,124.585625,20,21
110000002,3178:16:56,132.418425925926,21,11
110000003,00:00:00,0,0,5
110000003,4440:00:00,185,5,3
110000003,4508:45:00,187.836458333333,3,4
110000003,4666:04:34,194.417337962963,4,2
110000004,00:00:00,0,0,5
110000004,3615:00:00,150.625,5,3
110000004,3703:09:37,154.292719907407,3,4
110000004,3875:06:15,161.458923611111,4,11